"","date","county","population","confirmed_cases","confirmed_deaths"
"70455","2020-02-01","Santa Clara","1922200","     2","   0"
"70397","2020-02-02","Santa Clara","1922200","     2","   0"
"70339","2020-02-03","Santa Clara","1922200","     2","   0"
"70281","2020-02-04","Santa Clara","1922200","     2","   0"
"70223","2020-02-05","Santa Clara","1922200","     2","   0"
"70165","2020-02-06","Santa Clara","1922200","     4","   1"
"70107","2020-02-07","Santa Clara","1922200","     4","   1"
"70049","2020-02-08","Santa Clara","1922200","     4","   1"
"69991","2020-02-09","Santa Clara","1922200","     4","   1"
"69933","2020-02-10","Santa Clara","1922200","     5","   1"
"69875","2020-02-11","Santa Clara","1922200","     5","   1"
"69817","2020-02-12","Santa Clara","1922200","     6","   1"
"69759","2020-02-13","Santa Clara","1922200","     7","   1"
"69701","2020-02-14","Santa Clara","1922200","     8","   1"
"69643","2020-02-15","Santa Clara","1922200","    10","   1"
"69585","2020-02-16","Santa Clara","1922200","    10","   1"
"69527","2020-02-17","Santa Clara","1922200","    12","   2"
"69469","2020-02-18","Santa Clara","1922200","    14","   2"
"69411","2020-02-19","Santa Clara","1922200","    15","   2"
"69353","2020-02-20","Santa Clara","1922200","    17","   2"
"69295","2020-02-21","Santa Clara","1922200","    21","   2"
"69237","2020-02-22","Santa Clara","1922200","    23","   2"
"69179","2020-02-23","Santa Clara","1922200","    26","   2"
"69121","2020-02-24","Santa Clara","1922200","    38","   2"
"69063","2020-02-25","Santa Clara","1922200","    40","   2"
"69005","2020-02-26","Santa Clara","1922200","    50","   2"
"68947","2020-02-27","Santa Clara","1922200","    59","   2"
"68889","2020-02-28","Santa Clara","1922200","    70","   2"
"68831","2020-02-29","Santa Clara","1922200","    75","   2"
"68773","2020-03-01","Santa Clara","1922200","    97","   2"
"68715","2020-03-02","Santa Clara","1922200","   110","   2"
"68657","2020-03-03","Santa Clara","1922200","   132","   2"
"68599","2020-03-04","Santa Clara","1922200","   147","   2"
"68541","2020-03-05","Santa Clara","1922200","   164","   2"
"68483","2020-03-06","Santa Clara","1922200","   188","   3"
"68425","2020-03-07","Santa Clara","1922200","   206","   3"
"68367","2020-03-08","Santa Clara","1922200","   236","   3"
"68309","2020-03-09","Santa Clara","1922200","   278","   5"
"68251","2020-03-10","Santa Clara","1922200","   322","   5"
"68193","2020-03-11","Santa Clara","1922200","   371","   5"
"68135","2020-03-12","Santa Clara","1922200","   412","   5"
"68077","2020-03-13","Santa Clara","1922200","   470","   6"
"68019","2020-03-14","Santa Clara","1922200","   532","   6"
"67961","2020-03-15","Santa Clara","1922200","   587","   7"
"67903","2020-03-16","Santa Clara","1922200","   659","   7"
"67845","2020-03-17","Santa Clara","1922200","   739","  10"
"67787","2020-03-18","Santa Clara","1922200","   797","  10"
"67729","2020-03-19","Santa Clara","1922200","   848","  10"
"67671","2020-03-20","Santa Clara","1922200","   915","  12"
"67613","2020-03-21","Santa Clara","1922200","   951","  14"
"67555","2020-03-22","Santa Clara","1922200","  1013","  16"
"67497","2020-03-23","Santa Clara","1922200","  1077","  21"
"67439","2020-03-24","Santa Clara","1922200","  1126","  22"
"67381","2020-03-25","Santa Clara","1922200","  1195","  29"
"67323","2020-03-26","Santa Clara","1922200","  1239","  29"
"67265","2020-03-27","Santa Clara","1922200","  1284","  30"
"67207","2020-03-28","Santa Clara","1922200","  1322","  32"
"67149","2020-03-29","Santa Clara","1922200","  1341","  34"
"67091","2020-03-30","Santa Clara","1922200","  1398","  36"
"67033","2020-03-31","Santa Clara","1922200","  1429","  37"
"66975","2020-04-01","Santa Clara","1922200","  1479","  40"
"66917","2020-04-02","Santa Clara","1922200","  1521","  42"
"66859","2020-04-03","Santa Clara","1922200","  1572","  43"
"66801","2020-04-04","Santa Clara","1922200","  1608","  45"
"66743","2020-04-05","Santa Clara","1922200","  1660","  47"
"66685","2020-04-06","Santa Clara","1922200","  1707","  48"
"66627","2020-04-07","Santa Clara","1922200","  1760","  49"
"66569","2020-04-08","Santa Clara","1922200","  1829","  51"
"66511","2020-04-09","Santa Clara","1922200","  1874","  55"
"66453","2020-04-10","Santa Clara","1922200","  1944","  56"
"66395","2020-04-11","Santa Clara","1922200","  1996","  61"
"66337","2020-04-12","Santa Clara","1922200","  2055","  67"
"66279","2020-04-13","Santa Clara","1922200","  2083","  68"
"66221","2020-04-14","Santa Clara","1922200","  2129","  70"
"66163","2020-04-15","Santa Clara","1922200","  2162","  74"
"66105","2020-04-16","Santa Clara","1922200","  2201","  77"
"66047","2020-04-17","Santa Clara","1922200","  2238","  82"
"65989","2020-04-18","Santa Clara","1922200","  2274","  86"
"65931","2020-04-19","Santa Clara","1922200","  2307","  88"
"65873","2020-04-20","Santa Clara","1922200","  2352","  93"
"65815","2020-04-21","Santa Clara","1922200","  2383","  96"
"65757","2020-04-22","Santa Clara","1922200","  2433","  99"
"65699","2020-04-23","Santa Clara","1922200","  2449"," 100"
"65641","2020-04-24","Santa Clara","1922200","  2484"," 101"
"65583","2020-04-25","Santa Clara","1922200","  2526"," 102"
"65525","2020-04-26","Santa Clara","1922200","  2548"," 105"
"65467","2020-04-27","Santa Clara","1922200","  2571"," 107"
"65409","2020-04-28","Santa Clara","1922200","  2596"," 109"
"65351","2020-04-29","Santa Clara","1922200","  2630"," 110"
"65293","2020-04-30","Santa Clara","1922200","  2657"," 113"
"65235","2020-05-01","Santa Clara","1922200","  2697"," 115"
"65177","2020-05-02","Santa Clara","1922200","  2709"," 118"
"65119","2020-05-03","Santa Clara","1922200","  2719"," 120"
"65061","2020-05-04","Santa Clara","1922200","  2756"," 124"
"65003","2020-05-05","Santa Clara","1922200","  2771"," 124"
"64945","2020-05-06","Santa Clara","1922200","  2817"," 126"
"64887","2020-05-07","Santa Clara","1922200","  2834"," 126"
"64829","2020-05-08","Santa Clara","1922200","  2872"," 127"
"64771","2020-05-09","Santa Clara","1922200","  2895"," 128"
"64713","2020-05-10","Santa Clara","1922200","  2909"," 128"
"64655","2020-05-11","Santa Clara","1922200","  2936"," 130"
"64597","2020-05-12","Santa Clara","1922200","  2953"," 131"
"64539","2020-05-13","Santa Clara","1922200","  2984"," 132"
"64481","2020-05-14","Santa Clara","1922200","  3004"," 133"
"64423","2020-05-15","Santa Clara","1922200","  3027"," 134"
"64365","2020-05-16","Santa Clara","1922200","  3070"," 135"
"64307","2020-05-17","Santa Clara","1922200","  3088"," 135"
"64249","2020-05-18","Santa Clara","1922200","  3126"," 135"
"64191","2020-05-19","Santa Clara","1922200","  3159"," 135"
"64133","2020-05-20","Santa Clara","1922200","  3209"," 135"
"64075","2020-05-21","Santa Clara","1922200","  3230"," 136"
"64017","2020-05-22","Santa Clara","1922200","  3252"," 136"
"63959","2020-05-23","Santa Clara","1922200","  3272"," 136"
"63901","2020-05-24","Santa Clara","1922200","  3286"," 136"
"63843","2020-05-25","Santa Clara","1922200","  3306"," 137"
"63785","2020-05-26","Santa Clara","1922200","  3339"," 137"
"63727","2020-05-27","Santa Clara","1922200","  3371"," 137"
"63669","2020-05-28","Santa Clara","1922200","  3404"," 139"
"63611","2020-05-29","Santa Clara","1922200","  3444"," 139"
"63553","2020-05-30","Santa Clara","1922200","  3472"," 139"
"63495","2020-05-31","Santa Clara","1922200","  3488"," 141"
"63437","2020-06-01","Santa Clara","1922200","  3532"," 142"
"63379","2020-06-02","Santa Clara","1922200","  3570"," 143"
"63321","2020-06-03","Santa Clara","1922200","  3620"," 143"
"63263","2020-06-04","Santa Clara","1922200","  3662"," 143"
"63205","2020-06-05","Santa Clara","1922200","  3697"," 144"
"63147","2020-06-06","Santa Clara","1922200","  3732"," 144"
"63089","2020-06-07","Santa Clara","1922200","  3773"," 144"
"63031","2020-06-08","Santa Clara","1922200","  3825"," 144"
"62973","2020-06-09","Santa Clara","1922200","  3871"," 145"
"62915","2020-06-10","Santa Clara","1922200","  3939"," 146"
"62857","2020-06-11","Santa Clara","1922200","  3990"," 146"
"62799","2020-06-12","Santa Clara","1922200","  4057"," 147"
"62741","2020-06-13","Santa Clara","1922200","  4101"," 147"
"62683","2020-06-14","Santa Clara","1922200","  4144"," 147"
"62625","2020-06-15","Santa Clara","1922200","  4239"," 147"
"62567","2020-06-16","Santa Clara","1922200","  4339"," 147"
"62509","2020-06-17","Santa Clara","1922200","  4450"," 147"
"62451","2020-06-18","Santa Clara","1922200","  4543"," 147"
"62393","2020-06-19","Santa Clara","1922200","  4646"," 148"
"62335","2020-06-20","Santa Clara","1922200","  4719"," 149"
"62277","2020-06-21","Santa Clara","1922200","  4793"," 149"
"62219","2020-06-22","Santa Clara","1922200","  4930"," 149"
"62161","2020-06-23","Santa Clara","1922200","  5092"," 151"
"62103","2020-06-24","Santa Clara","1922200","  5237"," 152"
"62045","2020-06-25","Santa Clara","1922200","  5368"," 153"
"61987","2020-06-26","Santa Clara","1922200","  5518"," 153"
"61929","2020-06-27","Santa Clara","1922200","  5618"," 153"
"61871","2020-06-28","Santa Clara","1922200","  5724"," 153"
"61813","2020-06-29","Santa Clara","1922200","  5886"," 155"
"61755","2020-06-30","Santa Clara","1922200","  6056"," 155"
"61697","2020-07-01","Santa Clara","1922200","  6259"," 155"
"61639","2020-07-02","Santa Clara","1922200","  6445"," 156"
"61581","2020-07-03","Santa Clara","1922200","  6572"," 157"
"61523","2020-07-04","Santa Clara","1922200","  6684"," 159"
"61465","2020-07-05","Santa Clara","1922200","  6875"," 162"
"61407","2020-07-06","Santa Clara","1922200","  7171"," 164"
"61349","2020-07-07","Santa Clara","1922200","  7443"," 166"
"61291","2020-07-08","Santa Clara","1922200","  7712"," 166"
"61233","2020-07-09","Santa Clara","1922200","  7945"," 171"
"61175","2020-07-10","Santa Clara","1922200","  8206"," 171"
"61117","2020-07-11","Santa Clara","1922200","  8430"," 171"
"61059","2020-07-12","Santa Clara","1922200","  8590"," 172"
"61001","2020-07-13","Santa Clara","1922200","  8829"," 173"
"60943","2020-07-14","Santa Clara","1922200","  9154"," 175"
"60885","2020-07-15","Santa Clara","1922200","  9482"," 176"
"60827","2020-07-16","Santa Clara","1922200","  9785"," 178"
"60769","2020-07-17","Santa Clara","1922200"," 10065"," 179"
"60711","2020-07-18","Santa Clara","1922200"," 10283"," 181"
"60653","2020-07-19","Santa Clara","1922200"," 10432"," 182"
"60595","2020-07-20","Santa Clara","1922200"," 10677"," 183"
"60537","2020-07-21","Santa Clara","1922200"," 10909"," 184"
"60479","2020-07-22","Santa Clara","1922200"," 11172"," 185"
"60421","2020-07-23","Santa Clara","1922200"," 11415"," 188"
"60363","2020-07-24","Santa Clara","1922200"," 11634"," 189"
"60305","2020-07-25","Santa Clara","1922200"," 11799"," 191"
"60247","2020-07-26","Santa Clara","1922200"," 11933"," 192"
"60189","2020-07-27","Santa Clara","1922200"," 12162"," 192"
"60131","2020-07-28","Santa Clara","1922200"," 12431"," 196"
"60073","2020-07-29","Santa Clara","1922200"," 12665"," 196"
"60015","2020-07-30","Santa Clara","1922200"," 12871"," 199"
"59957","2020-07-31","Santa Clara","1922200"," 13104"," 200"
"59899","2020-08-01","Santa Clara","1922200"," 13325"," 202"
"59841","2020-08-02","Santa Clara","1922200"," 13476"," 204"
"59783","2020-08-03","Santa Clara","1922200"," 13696"," 207"
"59725","2020-08-04","Santa Clara","1922200"," 13973"," 210"
"59667","2020-08-05","Santa Clara","1922200"," 14275"," 211"
"59609","2020-08-06","Santa Clara","1922200"," 14509"," 211"
"59551","2020-08-07","Santa Clara","1922200"," 14738"," 211"
"59493","2020-08-08","Santa Clara","1922200"," 14937"," 211"
"59435","2020-08-09","Santa Clara","1922200"," 15089"," 212"
"59377","2020-08-10","Santa Clara","1922200"," 15359"," 212"
"59319","2020-08-11","Santa Clara","1922200"," 15619"," 214"
"59261","2020-08-12","Santa Clara","1922200"," 15840"," 215"
"59203","2020-08-13","Santa Clara","1922200"," 16015"," 218"
"59145","2020-08-14","Santa Clara","1922200"," 16237"," 219"
"59087","2020-08-15","Santa Clara","1922200"," 16407"," 221"
"59029","2020-08-16","Santa Clara","1922200"," 16503"," 224"
"58971","2020-08-17","Santa Clara","1922200"," 16703"," 225"
"58913","2020-08-18","Santa Clara","1922200"," 16928"," 227"
"58855","2020-08-19","Santa Clara","1922200"," 17097"," 232"
"58797","2020-08-20","Santa Clara","1922200"," 17242"," 234"
"58739","2020-08-21","Santa Clara","1922200"," 17414"," 237"
"58681","2020-08-22","Santa Clara","1922200"," 17565"," 239"
"58623","2020-08-23","Santa Clara","1922200"," 17673"," 241"
"58565","2020-08-24","Santa Clara","1922200"," 17869"," 245"
"58507","2020-08-25","Santa Clara","1922200"," 18073"," 246"
"58449","2020-08-26","Santa Clara","1922200"," 18242"," 252"
"58391","2020-08-27","Santa Clara","1922200"," 18419"," 252"
"58333","2020-08-28","Santa Clara","1922200"," 18605"," 255"
"58275","2020-08-29","Santa Clara","1922200"," 18732"," 256"
"58217","2020-08-30","Santa Clara","1922200"," 18832"," 259"
"58159","2020-08-31","Santa Clara","1922200"," 19006"," 260"
"58101","2020-09-01","Santa Clara","1922200"," 19194"," 263"
"58043","2020-09-02","Santa Clara","1922200"," 19373"," 264"
"57985","2020-09-03","Santa Clara","1922200"," 19529"," 265"
"57927","2020-09-04","Santa Clara","1922200"," 19710"," 267"
"57869","2020-09-05","Santa Clara","1922200"," 19820"," 268"
"57811","2020-09-06","Santa Clara","1922200"," 19901"," 272"
"57753","2020-09-07","Santa Clara","1922200"," 20003"," 272"
"57695","2020-09-08","Santa Clara","1922200"," 20159"," 276"
"57637","2020-09-09","Santa Clara","1922200"," 20336"," 276"
"57579","2020-09-10","Santa Clara","1922200"," 20467"," 277"
"57521","2020-09-11","Santa Clara","1922200"," 20582"," 279"
"57463","2020-09-12","Santa Clara","1922200"," 20670"," 280"
"57405","2020-09-13","Santa Clara","1922200"," 20757"," 285"
"57347","2020-09-14","Santa Clara","1922200"," 20896"," 289"
"57289","2020-09-15","Santa Clara","1922200"," 21084"," 292"
"57231","2020-09-16","Santa Clara","1922200"," 21217"," 292"
"57173","2020-09-17","Santa Clara","1922200"," 21336"," 294"
"57115","2020-09-18","Santa Clara","1922200"," 21453"," 294"
"57057","2020-09-19","Santa Clara","1922200"," 21550"," 298"
"56999","2020-09-20","Santa Clara","1922200"," 21639"," 299"
"56941","2020-09-21","Santa Clara","1922200"," 21758"," 300"
"56883","2020-09-22","Santa Clara","1922200"," 21858"," 302"
"56825","2020-09-23","Santa Clara","1922200"," 21977"," 304"
"56767","2020-09-24","Santa Clara","1922200"," 22087"," 306"
"56709","2020-09-25","Santa Clara","1922200"," 22175"," 306"
"56651","2020-09-26","Santa Clara","1922200"," 22240"," 310"
"56593","2020-09-27","Santa Clara","1922200"," 22311"," 314"
"56535","2020-09-28","Santa Clara","1922200"," 22420"," 316"
"56477","2020-09-29","Santa Clara","1922200"," 22537"," 318"
"56419","2020-09-30","Santa Clara","1922200"," 22673"," 321"
"56361","2020-10-01","Santa Clara","1922200"," 22778"," 321"
"56303","2020-10-02","Santa Clara","1922200"," 22879"," 323"
"56245","2020-10-03","Santa Clara","1922200"," 22965"," 325"
"56187","2020-10-04","Santa Clara","1922200"," 23045"," 328"
"56129","2020-10-05","Santa Clara","1922200"," 23182"," 330"
"56071","2020-10-06","Santa Clara","1922200"," 23299"," 331"
"56013","2020-10-07","Santa Clara","1922200"," 23394"," 331"
"55955","2020-10-08","Santa Clara","1922200"," 23522"," 336"
"55897","2020-10-09","Santa Clara","1922200"," 23624"," 337"
"55839","2020-10-10","Santa Clara","1922200"," 23726"," 337"
"55781","2020-10-11","Santa Clara","1922200"," 23817"," 340"
"55723","2020-10-12","Santa Clara","1922200"," 23957"," 342"
"55665","2020-10-13","Santa Clara","1922200"," 24073"," 342"
"55607","2020-10-14","Santa Clara","1922200"," 24201"," 343"
"55549","2020-10-15","Santa Clara","1922200"," 24350"," 345"
"55491","2020-10-16","Santa Clara","1922200"," 24466"," 345"
"55433","2020-10-17","Santa Clara","1922200"," 24554"," 345"
"55375","2020-10-18","Santa Clara","1922200"," 24644"," 347"
"55317","2020-10-19","Santa Clara","1922200"," 24817"," 349"
"55259","2020-10-20","Santa Clara","1922200"," 24967"," 349"
"55201","2020-10-21","Santa Clara","1922200"," 25105"," 353"
"55143","2020-10-22","Santa Clara","1922200"," 25232"," 355"
"55085","2020-10-23","Santa Clara","1922200"," 25386"," 359"
"55027","2020-10-24","Santa Clara","1922200"," 25488"," 361"
"54969","2020-10-25","Santa Clara","1922200"," 25575"," 362"
"54911","2020-10-26","Santa Clara","1922200"," 25763"," 363"
"54853","2020-10-27","Santa Clara","1922200"," 25953"," 365"
"54795","2020-10-28","Santa Clara","1922200"," 26095"," 365"
"54737","2020-10-29","Santa Clara","1922200"," 26239"," 366"
"54679","2020-10-30","Santa Clara","1922200"," 26390"," 368"
"54621","2020-10-31","Santa Clara","1922200"," 26538"," 369"
"54563","2020-11-01","Santa Clara","1922200"," 26706"," 373"
"54505","2020-11-02","Santa Clara","1922200"," 26989"," 377"
"54447","2020-11-03","Santa Clara","1922200"," 27276"," 378"
"54389","2020-11-04","Santa Clara","1922200"," 27550"," 384"
"54331","2020-11-05","Santa Clara","1922200"," 27811"," 385"
"54273","2020-11-06","Santa Clara","1922200"," 28076"," 387"
"54215","2020-11-07","Santa Clara","1922200"," 28318"," 388"
"54157","2020-11-08","Santa Clara","1922200"," 28522"," 391"
"54099","2020-11-09","Santa Clara","1922200"," 28896"," 392"
"54041","2020-11-10","Santa Clara","1922200"," 29292"," 393"
"53983","2020-11-11","Santa Clara","1922200"," 29640"," 395"
"53925","2020-11-12","Santa Clara","1922200"," 29991"," 396"
"53867","2020-11-13","Santa Clara","1922200"," 30368"," 397"
"53809","2020-11-14","Santa Clara","1922200"," 30696"," 398"
"53751","2020-11-15","Santa Clara","1922200"," 30981"," 402"
"53693","2020-11-16","Santa Clara","1922200"," 31439"," 403"
"53635","2020-11-17","Santa Clara","1922200"," 32001"," 410"
"53577","2020-11-18","Santa Clara","1922200"," 32549"," 411"
"53519","2020-11-19","Santa Clara","1922200"," 33015"," 415"
"53461","2020-11-20","Santa Clara","1922200"," 33569"," 415"
"53403","2020-11-21","Santa Clara","1922200"," 33990"," 418"
"53345","2020-11-22","Santa Clara","1922200"," 34374"," 420"
"53287","2020-11-23","Santa Clara","1922200"," 35052"," 421"
"53229","2020-11-24","Santa Clara","1922200"," 35706"," 426"
"53171","2020-11-25","Santa Clara","1922200"," 36494"," 429"
"53113","2020-11-26","Santa Clara","1922200"," 36943"," 432"
"53055","2020-11-27","Santa Clara","1922200"," 37589"," 434"
"52997","2020-11-28","Santa Clara","1922200"," 38264"," 439"
"52939","2020-11-29","Santa Clara","1922200"," 39015"," 443"
"52881","2020-11-30","Santa Clara","1922200"," 40227"," 446"
"52823","2020-12-01","Santa Clara","1922200"," 41441"," 451"
"52765","2020-12-02","Santa Clara","1922200"," 42697"," 459"
"52707","2020-12-03","Santa Clara","1922200"," 43820"," 469"
"52649","2020-12-04","Santa Clara","1922200"," 45031"," 473"
"52591","2020-12-05","Santa Clara","1922200"," 45968"," 478"
"52533","2020-12-06","Santa Clara","1922200"," 46728"," 485"
"52475","2020-12-07","Santa Clara","1922200"," 48124"," 496"
"52417","2020-12-08","Santa Clara","1922200"," 49520"," 502"
"52359","2020-12-09","Santa Clara","1922200"," 50831"," 510"
"52301","2020-12-10","Santa Clara","1922200"," 52008"," 519"
"52243","2020-12-11","Santa Clara","1922200"," 53162"," 530"
"52185","2020-12-12","Santa Clara","1922200"," 54169"," 540"
"52127","2020-12-13","Santa Clara","1922200"," 55104"," 547"
"52069","2020-12-14","Santa Clara","1922200"," 56510"," 560"
"52011","2020-12-15","Santa Clara","1922200"," 58023"," 580"
"51953","2020-12-16","Santa Clara","1922200"," 59451"," 591"
"51895","2020-12-17","Santa Clara","1922200"," 60703"," 609"
"51837","2020-12-18","Santa Clara","1922200"," 61893"," 621"
"51779","2020-12-19","Santa Clara","1922200"," 62790"," 642"
"51721","2020-12-20","Santa Clara","1922200"," 63640"," 657"
"51663","2020-12-21","Santa Clara","1922200"," 65036"," 682"
"51605","2020-12-22","Santa Clara","1922200"," 66229"," 701"
"51547","2020-12-23","Santa Clara","1922200"," 67407"," 716"
"51489","2020-12-24","Santa Clara","1922200"," 68354"," 731"
"51431","2020-12-25","Santa Clara","1922200"," 69043"," 752"
"51373","2020-12-26","Santa Clara","1922200"," 70180"," 771"
"51315","2020-12-27","Santa Clara","1922200"," 71295"," 797"
"51257","2020-12-28","Santa Clara","1922200"," 72989"," 816"
"51199","2020-12-29","Santa Clara","1922200"," 74470"," 837"
"51141","2020-12-30","Santa Clara","1922200"," 75971"," 857"
"51083","2020-12-31","Santa Clara","1922200"," 77179"," 876"
"51025","2021-01-01","Santa Clara","1922200"," 78056"," 908"
"50967","2021-01-02","Santa Clara","1922200"," 79277"," 927"
"50909","2021-01-03","Santa Clara","1922200"," 80453"," 952"
"50851","2021-01-04","Santa Clara","1922200"," 82043"," 965"
"50793","2021-01-05","Santa Clara","1922200"," 83800"," 983"
"50735","2021-01-06","Santa Clara","1922200"," 85346"," 998"
"50677","2021-01-07","Santa Clara","1922200"," 86667","1014"
"50619","2021-01-08","Santa Clara","1922200"," 87786","1031"
"50561","2021-01-09","Santa Clara","1922200"," 88730","1055"
"50503","2021-01-10","Santa Clara","1922200"," 89570","1067"
"50445","2021-01-11","Santa Clara","1922200"," 90754","1090"
"50387","2021-01-12","Santa Clara","1922200"," 91998","1116"
"50329","2021-01-13","Santa Clara","1922200"," 93113","1133"
"50271","2021-01-14","Santa Clara","1922200"," 94086","1150"
"50213","2021-01-15","Santa Clara","1922200"," 94997","1175"
"50155","2021-01-16","Santa Clara","1922200"," 95658","1195"
"50097","2021-01-17","Santa Clara","1922200"," 96153","1216"
"50039","2021-01-18","Santa Clara","1922200"," 96913","1235"
"49981","2021-01-19","Santa Clara","1922200"," 97700","1256"
"49923","2021-01-20","Santa Clara","1922200"," 98435","1274"
"49865","2021-01-21","Santa Clara","1922200"," 99080","1286"
"49807","2021-01-22","Santa Clara","1922200"," 99667","1303"
"49749","2021-01-23","Santa Clara","1922200","100113","1319"
"49691","2021-01-24","Santa Clara","1922200","100472","1333"
"49633","2021-01-25","Santa Clara","1922200","101107","1346"
"49575","2021-01-26","Santa Clara","1922200","101631","1359"
"49517","2021-01-27","Santa Clara","1922200","102110","1375"
"49459","2021-01-28","Santa Clara","1922200","102525","1389"
"49401","2021-01-29","Santa Clara","1922200","102981","1403"
"49343","2021-01-30","Santa Clara","1922200","103336","1407"
"49285","2021-01-31","Santa Clara","1922200","103665","1419"
"49227","2021-02-01","Santa Clara","1922200","104200","1436"
"49169","2021-02-02","Santa Clara","1922200","104617","1446"
"49111","2021-02-03","Santa Clara","1922200","105082","1463"
"49053","2021-02-04","Santa Clara","1922200","105398","1475"
"48995","2021-02-05","Santa Clara","1922200","105741","1485"
"48937","2021-02-06","Santa Clara","1922200","105989","1490"
"48879","2021-02-07","Santa Clara","1922200","106211","1499"
"48821","2021-02-08","Santa Clara","1922200","106550","1504"
"48763","2021-02-09","Santa Clara","1922200","106873","1515"
"48705","2021-02-10","Santa Clara","1922200","107179","1527"
"48647","2021-02-11","Santa Clara","1922200","107419","1539"
"48589","2021-02-12","Santa Clara","1922200","107679","1548"
"48531","2021-02-13","Santa Clara","1922200","107851","1553"
"48473","2021-02-14","Santa Clara","1922200","108040","1558"
"48415","2021-02-15","Santa Clara","1922200","108239","1566"
"48357","2021-02-16","Santa Clara","1922200","108469","1570"
"48299","2021-02-17","Santa Clara","1922200","108721","1579"
"48241","2021-02-18","Santa Clara","1922200","108953","1584"
"48183","2021-02-19","Santa Clara","1922200","109178","1589"
"48125","2021-02-20","Santa Clara","1922200","109390","1597"
"48067","2021-02-21","Santa Clara","1922200","109568","1602"
"48009","2021-02-22","Santa Clara","1922200","109792","1606"
"47951","2021-02-23","Santa Clara","1922200","110001","1612"
"47893","2021-02-24","Santa Clara","1922200","110198","1614"
"47835","2021-02-25","Santa Clara","1922200","110347","1617"
"47777","2021-02-26","Santa Clara","1922200","110512","1625"
"47719","2021-02-27","Santa Clara","1922200","110644","1630"
"47661","2021-02-28","Santa Clara","1922200","110792","1632"
"47603","2021-03-01","Santa Clara","1922200","110991","1636"
"47545","2021-03-02","Santa Clara","1922200","111150","1638"
"47487","2021-03-03","Santa Clara","1922200","111329","1639"
"47429","2021-03-04","Santa Clara","1922200","111483","1643"
"47371","2021-03-05","Santa Clara","1922200","111617","1647"
"47313","2021-03-06","Santa Clara","1922200","111712","1649"
"47255","2021-03-07","Santa Clara","1922200","111807","1650"
"47197","2021-03-08","Santa Clara","1922200","111952","1653"
"47139","2021-03-09","Santa Clara","1922200","112080","1656"
"47081","2021-03-10","Santa Clara","1922200","112191","1661"
"47023","2021-03-11","Santa Clara","1922200","112300","1666"
"46965","2021-03-12","Santa Clara","1922200","112429","1670"
"46907","2021-03-13","Santa Clara","1922200","112524","1671"
"46849","2021-03-14","Santa Clara","1922200","112609","1672"
"46791","2021-03-15","Santa Clara","1922200","112737","1672"
"46733","2021-03-16","Santa Clara","1922200","112838","1673"
"46675","2021-03-17","Santa Clara","1922200","112956","1675"
"46617","2021-03-18","Santa Clara","1922200","113049","1678"
"46559","2021-03-19","Santa Clara","1922200","113166","1680"
"46501","2021-03-20","Santa Clara","1922200","113241","1681"
"46443","2021-03-21","Santa Clara","1922200","113333","1682"
"46385","2021-03-22","Santa Clara","1922200","113462","1685"
"46327","2021-03-23","Santa Clara","1922200","113582","1687"
"46269","2021-03-24","Santa Clara","1922200","113698","1688"
"46211","2021-03-25","Santa Clara","1922200","113814","1691"
"46153","2021-03-26","Santa Clara","1922200","113918","1691"
"46095","2021-03-27","Santa Clara","1922200","114016","1692"
"46037","2021-03-28","Santa Clara","1922200","114112","1693"
"45979","2021-03-29","Santa Clara","1922200","114212","1695"
"45921","2021-03-30","Santa Clara","1922200","114321","1695"
"45863","2021-03-31","Santa Clara","1922200","114443","1695"
"45805","2021-04-01","Santa Clara","1922200","114570","1695"
"45747","2021-04-02","Santa Clara","1922200","114683","1697"
"45689","2021-04-03","Santa Clara","1922200","114794","1699"
"45631","2021-04-04","Santa Clara","1922200","114902","1705"
"45573","2021-04-05","Santa Clara","1922200","115068","1706"
"45515","2021-04-06","Santa Clara","1922200","115235","1707"
"45457","2021-04-07","Santa Clara","1922200","115407","1708"
"45399","2021-04-08","Santa Clara","1922200","115539","1710"
"45341","2021-04-09","Santa Clara","1922200","115645","1710"
"45283","2021-04-10","Santa Clara","1922200","115729","1712"
"45225","2021-04-11","Santa Clara","1922200","115825","1713"
"45167","2021-04-12","Santa Clara","1922200","115961","1713"
"45109","2021-04-13","Santa Clara","1922200","116089","1714"
"45051","2021-04-14","Santa Clara","1922200","116218","1714"
"44993","2021-04-15","Santa Clara","1922200","116335","1716"
"44935","2021-04-16","Santa Clara","1922200","116441","1717"
"44877","2021-04-17","Santa Clara","1922200","116541","1718"
"44819","2021-04-18","Santa Clara","1922200","116633","1718"
"44761","2021-04-19","Santa Clara","1922200","116801","1718"
"44703","2021-04-20","Santa Clara","1922200","116912","1719"
"44645","2021-04-21","Santa Clara","1922200","117010","1719"
"44587","2021-04-22","Santa Clara","1922200","117088","1720"
"44529","2021-04-23","Santa Clara","1922200","117176","1720"
"44471","2021-04-24","Santa Clara","1922200","117238","1721"
"44413","2021-04-25","Santa Clara","1922200","117293","1722"
"44355","2021-04-26","Santa Clara","1922200","117372","1723"
"44297","2021-04-27","Santa Clara","1922200","117472","1723"
"44239","2021-04-28","Santa Clara","1922200","117522","1726"
"44181","2021-04-29","Santa Clara","1922200","117591","1727"
"44123","2021-04-30","Santa Clara","1922200","117646","1727"
"44065","2021-05-01","Santa Clara","1922200","117704","1727"
"44007","2021-05-02","Santa Clara","1922200","117756","1727"
"43949","2021-05-03","Santa Clara","1922200","117830","1730"
"43891","2021-05-04","Santa Clara","1922200","117884","1731"
"43833","2021-05-05","Santa Clara","1922200","117947","1732"
"43775","2021-05-06","Santa Clara","1922200","117977","1733"
"43717","2021-05-07","Santa Clara","1922200","118018","1735"
"43659","2021-05-08","Santa Clara","1922200","118051","1735"
"43601","2021-05-09","Santa Clara","1922200","118082","1735"
"43543","2021-05-10","Santa Clara","1922200","118136","1735"
"43485","2021-05-11","Santa Clara","1922200","118195","1735"
"43427","2021-05-12","Santa Clara","1922200","118242","1735"
"43369","2021-05-13","Santa Clara","1922200","118286","1736"
"43311","2021-05-14","Santa Clara","1922200","118313","1736"
"43253","2021-05-15","Santa Clara","1922200","118342","1737"
"43195","2021-05-16","Santa Clara","1922200","118363","1737"
"43137","2021-05-17","Santa Clara","1922200","118393","1737"
"43079","2021-05-18","Santa Clara","1922200","118430","1737"
"43021","2021-05-19","Santa Clara","1922200","118457","1738"
"42963","2021-05-20","Santa Clara","1922200","118497","1738"
"42905","2021-05-21","Santa Clara","1922200","118518","1738"
"42847","2021-05-22","Santa Clara","1922200","118545","1739"
"42789","2021-05-23","Santa Clara","1922200","118568","1739"
"42731","2021-05-24","Santa Clara","1922200","118592","1739"
"42673","2021-05-25","Santa Clara","1922200","118624","1739"
"42615","2021-05-26","Santa Clara","1922200","118648","1740"
"42557","2021-05-27","Santa Clara","1922200","118675","1740"
"42499","2021-05-28","Santa Clara","1922200","118696","1741"
"42441","2021-05-29","Santa Clara","1922200","118720","1742"
"42383","2021-05-30","Santa Clara","1922200","118744","1743"
"42325","2021-05-31","Santa Clara","1922200","118766","1743"
"42267","2021-06-01","Santa Clara","1922200","118810","1744"
"42209","2021-06-02","Santa Clara","1922200","118838","1744"
"42151","2021-06-03","Santa Clara","1922200","118866","1745"
"42093","2021-06-04","Santa Clara","1922200","118888","1745"
"42035","2021-06-05","Santa Clara","1922200","118918","1746"
"41977","2021-06-06","Santa Clara","1922200","118940","1746"
"41919","2021-06-07","Santa Clara","1922200","118962","1747"
"41861","2021-06-08","Santa Clara","1922200","118994","1748"
"41803","2021-06-09","Santa Clara","1922200","119015","1749"
"41745","2021-06-10","Santa Clara","1922200","119052","1750"
"41687","2021-06-11","Santa Clara","1922200","119087","1750"
"41629","2021-06-12","Santa Clara","1922200","119107","1750"
"41571","2021-06-13","Santa Clara","1922200","119147","1751"
"41513","2021-06-14","Santa Clara","1922200","119171","1751"
"41455","2021-06-15","Santa Clara","1922200","119202","1751"
"41397","2021-06-16","Santa Clara","1922200","119240","1751"
"41339","2021-06-17","Santa Clara","1922200","119272","1751"
"41281","2021-06-18","Santa Clara","1922200","119297","1751"
"41223","2021-06-19","Santa Clara","1922200","119318","1752"
"41165","2021-06-20","Santa Clara","1922200","119341","1752"
"41107","2021-06-21","Santa Clara","1922200","119376","1752"
"41049","2021-06-22","Santa Clara","1922200","119409","1752"
"40991","2021-06-23","Santa Clara","1922200","119441","1752"
"40933","2021-06-24","Santa Clara","1922200","119470","1752"
"40875","2021-06-25","Santa Clara","1922200","119501","1752"
"40817","2021-06-26","Santa Clara","1922200","119521","1752"
"40759","2021-06-27","Santa Clara","1922200","119554","1753"
"40701","2021-06-28","Santa Clara","1922200","119605","1753"
"40643","2021-06-29","Santa Clara","1922200","119669","1753"
"40585","2021-06-30","Santa Clara","1922200","119723","1753"
"40527","2021-07-01","Santa Clara","1922200","119770","1753"
"40469","2021-07-02","Santa Clara","1922200","119819","1753"
"40411","2021-07-03","Santa Clara","1922200","119897","1753"
"40353","2021-07-04","Santa Clara","1922200","119944","1753"
"40295","2021-07-05","Santa Clara","1922200","120034","1753"
"40237","2021-07-06","Santa Clara","1922200","120140","1753"
"40179","2021-07-07","Santa Clara","1922200","120258","1754"
"40121","2021-07-08","Santa Clara","1922200","120356","1754"
"40063","2021-07-09","Santa Clara","1922200","120449","1754"
"40005","2021-07-10","Santa Clara","1922200","120560","1754"
"39947","2021-07-11","Santa Clara","1922200","120663","1754"
"39889","2021-07-12","Santa Clara","1922200","120817","1754"
"39831","2021-07-13","Santa Clara","1922200","120982","1755"
"39773","2021-07-14","Santa Clara","1922200","121135","1755"
"39715","2021-07-15","Santa Clara","1922200","121285","1755"
"39657","2021-07-16","Santa Clara","1922200","121407","1755"
"39599","2021-07-17","Santa Clara","1922200","121554","1755"
"39541","2021-07-18","Santa Clara","1922200","121726","1755"
"39483","2021-07-19","Santa Clara","1922200","121940","1756"
"39425","2021-07-20","Santa Clara","1922200","122198","1756"
"39367","2021-07-21","Santa Clara","1922200","122455","1756"
"39309","2021-07-22","Santa Clara","1922200","122664","1756"
"39251","2021-07-23","Santa Clara","1922200","122905","1757"
"39193","2021-07-24","Santa Clara","1922200","123124","1758"
"39135","2021-07-25","Santa Clara","1922200","123336","1758"
"39077","2021-07-26","Santa Clara","1922200","123666","1758"
"39019","2021-07-27","Santa Clara","1922200","123975","1758"
"38961","2021-07-28","Santa Clara","1922200","124269","1759"
"38903","2021-07-29","Santa Clara","1922200","124531","1759"
"38845","2021-07-30","Santa Clara","1922200","124827","1760"
"38787","2021-07-31","Santa Clara","1922200","125051","1761"
"38729","2021-08-01","Santa Clara","1922200","125306","1761"
"38671","2021-08-02","Santa Clara","1922200","125719","1762"
"38613","2021-08-03","Santa Clara","1922200","126191","1763"
"38555","2021-08-04","Santa Clara","1922200","126612","1763"
"38497","2021-08-05","Santa Clara","1922200","127003","1763"
"38439","2021-08-06","Santa Clara","1922200","127336","1763"
"38381","2021-08-07","Santa Clara","1922200","127626","1765"
"38323","2021-08-08","Santa Clara","1922200","127897","1766"
"38265","2021-08-09","Santa Clara","1922200","128349","1768"
"38207","2021-08-10","Santa Clara","1922200","128852","1770"
"38149","2021-08-11","Santa Clara","1922200","129315","1771"
"38091","2021-08-12","Santa Clara","1922200","129797","1772"
"38033","2021-08-13","Santa Clara","1922200","130246","1772"
"37975","2021-08-14","Santa Clara","1922200","130533","1774"
"37917","2021-08-15","Santa Clara","1922200","130812","1774"
"37859","2021-08-16","Santa Clara","1922200","131246","1777"
"37801","2021-08-17","Santa Clara","1922200","131710","1778"
"37743","2021-08-18","Santa Clara","1922200","132113","1780"
"37685","2021-08-19","Santa Clara","1922200","132477","1780"
"37627","2021-08-20","Santa Clara","1922200","132867","1781"
"37569","2021-08-21","Santa Clara","1922200","133149","1782"
"37511","2021-08-22","Santa Clara","1922200","133414","1788"
"37453","2021-08-23","Santa Clara","1922200","133831","1789"
"37395","2021-08-24","Santa Clara","1922200","134231","1789"
"37337","2021-08-25","Santa Clara","1922200","134655","1791"
"37279","2021-08-26","Santa Clara","1922200","135023","1794"
"37221","2021-08-27","Santa Clara","1922200","135348","1798"
"37163","2021-08-28","Santa Clara","1922200","135577","1802"
"37105","2021-08-29","Santa Clara","1922200","135783","1805"
"37047","2021-08-30","Santa Clara","1922200","136136","1807"
"36989","2021-08-31","Santa Clara","1922200","136457","1809"
"36931","2021-09-01","Santa Clara","1922200","136810","1812"
"36873","2021-09-02","Santa Clara","1922200","137078","1816"
"36815","2021-09-03","Santa Clara","1922200","137379","1819"
"36757","2021-09-04","Santa Clara","1922200","137583","1820"
"36699","2021-09-05","Santa Clara","1922200","137768","1823"
"36641","2021-09-06","Santa Clara","1922200","137978","1826"
"36583","2021-09-07","Santa Clara","1922200","138270","1828"
"36525","2021-09-08","Santa Clara","1922200","138559","1832"
"36467","2021-09-09","Santa Clara","1922200","138792","1839"
"36409","2021-09-10","Santa Clara","1922200","139015","1840"
"36351","2021-09-11","Santa Clara","1922200","139198","1845"
"36293","2021-09-12","Santa Clara","1922200","139351","1849"
"36235","2021-09-13","Santa Clara","1922200","139608","1852"
"36177","2021-09-14","Santa Clara","1922200","139854","1856"
"36119","2021-09-15","Santa Clara","1922200","140089","1857"
"36061","2021-09-16","Santa Clara","1922200","140263","1860"
"36003","2021-09-17","Santa Clara","1922200","140417","1860"
"35945","2021-09-18","Santa Clara","1922200","140566","1862"
"35887","2021-09-19","Santa Clara","1922200","140686","1863"
"35829","2021-09-20","Santa Clara","1922200","140874","1863"
"35771","2021-09-21","Santa Clara","1922200","141074","1865"
"35713","2021-09-22","Santa Clara","1922200","141291","1865"
"35655","2021-09-23","Santa Clara","1922200","141456","1868"
"35597","2021-09-24","Santa Clara","1922200","141608","1870"
"35539","2021-09-25","Santa Clara","1922200","141721","1872"
"35481","2021-09-26","Santa Clara","1922200","141828","1873"
"35423","2021-09-27","Santa Clara","1922200","142029","1874"
"35365","2021-09-28","Santa Clara","1922200","142210","1878"
"35307","2021-09-29","Santa Clara","1922200","142371","1878"
"35249","2021-09-30","Santa Clara","1922200","142507","1880"
"35191","2021-10-01","Santa Clara","1922200","142656","1881"
"35133","2021-10-02","Santa Clara","1922200","142749","1881"
"35075","2021-10-03","Santa Clara","1922200","142863","1884"
"35017","2021-10-04","Santa Clara","1922200","143034","1885"
"34959","2021-10-05","Santa Clara","1922200","143181","1888"
"34901","2021-10-06","Santa Clara","1922200","143343","1888"
"34843","2021-10-07","Santa Clara","1922200","143495","1888"
"34785","2021-10-08","Santa Clara","1922200","143645","1891"
"34727","2021-10-09","Santa Clara","1922200","143758","1892"
"34669","2021-10-10","Santa Clara","1922200","143882","1895"
"34611","2021-10-11","Santa Clara","1922200","144048","1896"
"34553","2021-10-12","Santa Clara","1922200","144211","1897"
"34495","2021-10-13","Santa Clara","1922200","144364","1897"
"34437","2021-10-14","Santa Clara","1922200","144504","1899"
"34379","2021-10-15","Santa Clara","1922200","144645","1899"
"34321","2021-10-16","Santa Clara","1922200","144766","1901"
"34263","2021-10-17","Santa Clara","1922200","144866","1901"
"34205","2021-10-18","Santa Clara","1922200","145044","1902"
"34147","2021-10-19","Santa Clara","1922200","145200","1903"
"34089","2021-10-20","Santa Clara","1922200","145376","1904"
"34031","2021-10-21","Santa Clara","1922200","145517","1906"
"33973","2021-10-22","Santa Clara","1922200","145691","1909"
"33915","2021-10-23","Santa Clara","1922200","145849","1909"
"33857","2021-10-24","Santa Clara","1922200","145960","1910"
"33799","2021-10-25","Santa Clara","1922200","146151","1911"
"33741","2021-10-26","Santa Clara","1922200","146343","1912"
"33683","2021-10-27","Santa Clara","1922200","146545","1912"
"33625","2021-10-28","Santa Clara","1922200","146724","1916"
"33567","2021-10-29","Santa Clara","1922200","146883","1917"
"33509","2021-10-30","Santa Clara","1922200","146999","1917"
"33451","2021-10-31","Santa Clara","1922200","147106","1918"
"33393","2021-11-01","Santa Clara","1922200","147322","1919"
"33335","2021-11-02","Santa Clara","1922200","147521","1920"
"33277","2021-11-03","Santa Clara","1922200","147715","1923"
"33219","2021-11-04","Santa Clara","1922200","147897","1924"
"33161","2021-11-05","Santa Clara","1922200","148057","1925"
"33103","2021-11-06","Santa Clara","1922200","148194","1925"
"33045","2021-11-07","Santa Clara","1922200","148340","1926"
"32987","2021-11-08","Santa Clara","1922200","148546","1930"
"32929","2021-11-09","Santa Clara","1922200","148773","1931"
"32871","2021-11-10","Santa Clara","1922200","148979","1934"
"32813","2021-11-11","Santa Clara","1922200","149126","1934"
"32755","2021-11-12","Santa Clara","1922200","149308","1935"
"32697","2021-11-13","Santa Clara","1922200","149451","1937"
"32639","2021-11-14","Santa Clara","1922200","149570","1938"
"32581","2021-11-15","Santa Clara","1922200","149770","1940"
"32523","2021-11-16","Santa Clara","1922200","149987","1941"
"32465","2021-11-17","Santa Clara","1922200","150170","1942"
"32407","2021-11-18","Santa Clara","1922200","150334","1942"
"32349","2021-11-19","Santa Clara","1922200","150525","1943"
"32291","2021-11-20","Santa Clara","1922200","150673","1944"
"32233","2021-11-21","Santa Clara","1922200","150780","1946"
"32175","2021-11-22","Santa Clara","1922200","150986","1946"
"32117","2021-11-23","Santa Clara","1922200","151170","1948"
"32059","2021-11-24","Santa Clara","1922200","151382","1948"
"32001","2021-11-25","Santa Clara","1922200","151478","1949"
"31943","2021-11-26","Santa Clara","1922200","151636","1951"
"31885","2021-11-27","Santa Clara","1922200","151806","1951"
"31827","2021-11-28","Santa Clara","1922200","152013","1951"
"31769","2021-11-29","Santa Clara","1922200","152314","1952"
"31711","2021-11-30","Santa Clara","1922200","152590","1955"
"31653","2021-12-01","Santa Clara","1922200","152847","1956"
"31595","2021-12-02","Santa Clara","1922200","153069","1959"
"31537","2021-12-03","Santa Clara","1922200","153314","1960"
"31479","2021-12-04","Santa Clara","1922200","153494","1962"
"31421","2021-12-05","Santa Clara","1922200","153648","1963"
"31363","2021-12-06","Santa Clara","1922200","153902","1964"
"31305","2021-12-07","Santa Clara","1922200","154112","1967"
"31247","2021-12-08","Santa Clara","1922200","154297","1967"
"31189","2021-12-09","Santa Clara","1922200","154460","1967"
"31131","2021-12-10","Santa Clara","1922200","154677","1968"
"31073","2021-12-11","Santa Clara","1922200","154847","1969"
"31015","2021-12-12","Santa Clara","1922200","155045","1969"
"30957","2021-12-13","Santa Clara","1922200","155331","1971"
"30899","2021-12-14","Santa Clara","1922200","155596","1972"
"30841","2021-12-15","Santa Clara","1922200","155918","1973"
"30783","2021-12-16","Santa Clara","1922200","156230","1975"
"30725","2021-12-17","Santa Clara","1922200","156562","1975"
"30667","2021-12-18","Santa Clara","1922200","156935","1975"
"30609","2021-12-19","Santa Clara","1922200","157391","1977"
"30551","2021-12-20","Santa Clara","1922200","158280","1979"
"30493","2021-12-21","Santa Clara","1922200","159244","1981"
"30435","2021-12-22","Santa Clara","1922200","160268","1981"
"30377","2021-12-23","Santa Clara","1922200","161393","1984"
"30319","2021-12-24","Santa Clara","1922200","162301","1985"
"30261","2021-12-25","Santa Clara","1922200","163127","1987"
"30203","2021-12-26","Santa Clara","1922200","164615","1987"
"30145","2021-12-27","Santa Clara","1922200","167331","1989"
"30087","2021-12-28","Santa Clara","1922200","170339","1991"
"30029","2021-12-29","Santa Clara","1922200","173545","1992"
"29971","2021-12-30","Santa Clara","1922200","176749","1994"
"29913","2021-12-31","Santa Clara","1922200","179076","1994"
"29855","2022-01-01","Santa Clara","1922200","181061","1995"
"29797","2022-01-02","Santa Clara","1922200","184133","1995"
"29739","2022-01-03","Santa Clara","1922200","190364","1999"
"29681","2022-01-04","Santa Clara","1922200","196466","2001"
"29623","2022-01-05","Santa Clara","1922200","202708","2004"
"29565","2022-01-06","Santa Clara","1922200","208679","2007"
"29507","2022-01-07","Santa Clara","1922200","213748","2011"
"29449","2022-01-08","Santa Clara","1922200","217222","2018"
"29391","2022-01-09","Santa Clara","1922200","220487","2021"
"29333","2022-01-10","Santa Clara","1922200","226864","2026"
"29275","2022-01-11","Santa Clara","1922200","232927","2027"
"29217","2022-01-12","Santa Clara","1922200","238550","2029"
"29159","2022-01-13","Santa Clara","1922200","243305","2031"
"29101","2022-01-14","Santa Clara","1922200","247724","2034"
"29043","2022-01-15","Santa Clara","1922200","250387","2039"
"28985","2022-01-16","Santa Clara","1922200","252636","2046"
"28927","2022-01-17","Santa Clara","1922200","256428","2050"
"28869","2022-01-18","Santa Clara","1922200","261020","2057"
"28811","2022-01-19","Santa Clara","1922200","265205","2067"
"28753","2022-01-20","Santa Clara","1922200","268997","2075"
"28695","2022-01-21","Santa Clara","1922200","272346","2084"
"28637","2022-01-22","Santa Clara","1922200","274179","2091"
"28579","2022-01-23","Santa Clara","1922200","275866","2097"
"28521","2022-01-24","Santa Clara","1922200","279216","2098"
"28463","2022-01-25","Santa Clara","1922200","282113","2109"
"28405","2022-01-26","Santa Clara","1922200","284764","2112"
"28347","2022-01-27","Santa Clara","1922200","286882","2117"
"28289","2022-01-28","Santa Clara","1922200","288954","2129"
"28231","2022-01-29","Santa Clara","1922200","290144","2139"
"28173","2022-01-30","Santa Clara","1922200","291079","2149"
"28115","2022-01-31","Santa Clara","1922200","293054","2153"
"28057","2022-02-01","Santa Clara","1922200","294744","2154"
"27999","2022-02-02","Santa Clara","1922200","296274","2160"
"27941","2022-02-03","Santa Clara","1922200","297447","2164"
"27883","2022-02-04","Santa Clara","1922200","298642","2171"
"27825","2022-02-05","Santa Clara","1922200","299313","2174"
"27767","2022-02-06","Santa Clara","1922200","299965","2180"
"27709","2022-02-07","Santa Clara","1922200","301087","2185"
"27651","2022-02-08","Santa Clara","1922200","302038","2187"
"27593","2022-02-09","Santa Clara","1922200","302921","2191"
"27535","2022-02-10","Santa Clara","1922200","303643","2195"
"27477","2022-02-11","Santa Clara","1922200","304316","2199"
"27419","2022-02-12","Santa Clara","1922200","304744","2204"
"27361","2022-02-13","Santa Clara","1922200","305081","2209"
"27303","2022-02-14","Santa Clara","1922200","305722","2212"
"27245","2022-02-15","Santa Clara","1922200","306259","2218"
"27187","2022-02-16","Santa Clara","1922200","306759","2221"
"27129","2022-02-17","Santa Clara","1922200","307152","2225"
"27071","2022-02-18","Santa Clara","1922200","307522","2227"
"27013","2022-02-19","Santa Clara","1922200","307758","2228"
"26955","2022-02-20","Santa Clara","1922200","307953","2235"
"26897","2022-02-21","Santa Clara","1922200","308237","2238"
"26839","2022-02-22","Santa Clara","1922200","308568","2245"
"26781","2022-02-23","Santa Clara","1922200","308851","2251"
"26723","2022-02-24","Santa Clara","1922200","309108","2253"
"26665","2022-02-25","Santa Clara","1922200","309343","2257"
"26607","2022-02-26","Santa Clara","1922200","309529","2257"
"26549","2022-02-27","Santa Clara","1922200","309678","2259"
"26491","2022-02-28","Santa Clara","1922200","309967","2261"
"26433","2022-03-01","Santa Clara","1922200","310247","2264"
"26375","2022-03-02","Santa Clara","1922200","310502","2265"
"26317","2022-03-03","Santa Clara","1922200","310716","2266"
"26259","2022-03-04","Santa Clara","1922200","310898","2267"
"26201","2022-03-05","Santa Clara","1922200","311049","2269"
"26143","2022-03-06","Santa Clara","1922200","311166","2272"
"26085","2022-03-07","Santa Clara","1922200","311433","2274"
"26027","2022-03-08","Santa Clara","1922200","311629","2276"
"25969","2022-03-09","Santa Clara","1922200","311856","2279"
"25911","2022-03-10","Santa Clara","1922200","312011","2283"
"25853","2022-03-11","Santa Clara","1922200","312183","2284"
"25795","2022-03-12","Santa Clara","1922200","312320","2287"
"25737","2022-03-13","Santa Clara","1922200","312424","2287"
"25679","2022-03-14","Santa Clara","1922200","312610","2287"
"25621","2022-03-15","Santa Clara","1922200","312802","2287"
"25563","2022-03-16","Santa Clara","1922200","312966","2287"
"25505","2022-03-17","Santa Clara","1922200","313152","2287"
"25447","2022-03-18","Santa Clara","1922200","313273","2288"
"25389","2022-03-19","Santa Clara","1922200","313379","2288"
"25331","2022-03-20","Santa Clara","1922200","313501","2291"
"25273","2022-03-21","Santa Clara","1922200","313709","2292"
"25215","2022-03-22","Santa Clara","1922200","313971","2293"
"25157","2022-03-23","Santa Clara","1922200","314150","2294"
"25099","2022-03-24","Santa Clara","1922200","314318","2295"
"25041","2022-03-25","Santa Clara","1922200","314465","2295"
"24983","2022-03-26","Santa Clara","1922200","314616","2298"
"24925","2022-03-27","Santa Clara","1922200","314774","2300"
"24867","2022-03-28","Santa Clara","1922200","314985","2303"
"24809","2022-03-29","Santa Clara","1922200","315214","2304"
"24751","2022-03-30","Santa Clara","1922200","315453","2305"
"24693","2022-03-31","Santa Clara","1922200","315636","2306"
"24635","2022-04-01","Santa Clara","1922200","315863","2306"
"24577","2022-04-02","Santa Clara","1922200","316013","2306"
"24519","2022-04-03","Santa Clara","1922200","316177","2306"
"24461","2022-04-04","Santa Clara","1922200","316478","2306"
"24403","2022-04-05","Santa Clara","1922200","316746","2306"
"24345","2022-04-06","Santa Clara","1922200","317006","2306"
"24287","2022-04-07","Santa Clara","1922200","317204","2306"
"24229","2022-04-08","Santa Clara","1922200","317427","2307"
"24171","2022-04-09","Santa Clara","1922200","317613","2307"
"24113","2022-04-10","Santa Clara","1922200","317809","2309"
"24055","2022-04-11","Santa Clara","1922200","318139","2310"
"23997","2022-04-12","Santa Clara","1922200","318484","2311"
"23939","2022-04-13","Santa Clara","1922200","318777","2313"
"23881","2022-04-14","Santa Clara","1922200","319049","2313"
"23823","2022-04-15","Santa Clara","1922200","319352","2314"
"23765","2022-04-16","Santa Clara","1922200","319644","2314"
"23707","2022-04-17","Santa Clara","1922200","319885","2314"
"23649","2022-04-18","Santa Clara","1922200","320377","2314"
"23591","2022-04-19","Santa Clara","1922200","320823","2314"
"23533","2022-04-20","Santa Clara","1922200","321243","2315"
"23475","2022-04-21","Santa Clara","1922200","321654","2316"
"23417","2022-04-22","Santa Clara","1922200","322104","2316"
"23359","2022-04-23","Santa Clara","1922200","322451","2316"
"23301","2022-04-24","Santa Clara","1922200","322833","2317"
"23243","2022-04-25","Santa Clara","1922200","323519","2318"
"23185","2022-04-26","Santa Clara","1922200","324166","2318"
"23127","2022-04-27","Santa Clara","1922200","324728","2320"
"23069","2022-04-28","Santa Clara","1922200","325299","2322"
"23011","2022-04-29","Santa Clara","1922200","325843","2322"
"22953","2022-04-30","Santa Clara","1922200","326354","2322"
"22895","2022-05-01","Santa Clara","1922200","326928","2322"
"22837","2022-05-02","Santa Clara","1922200","327877","2323"
"22779","2022-05-03","Santa Clara","1922200","328792","2324"
"22721","2022-05-04","Santa Clara","1922200","329610","2324"
"22663","2022-05-05","Santa Clara","1922200","330417","2324"
"22605","2022-05-06","Santa Clara","1922200","331214","2324"
"22547","2022-05-07","Santa Clara","1922200","331806","2324"
"22489","2022-05-08","Santa Clara","1922200","332427","2324"
"22431","2022-05-09","Santa Clara","1922200","333498","2326"
"22373","2022-05-10","Santa Clara","1922200","334640","2327"
"22315","2022-05-11","Santa Clara","1922200","335674","2328"
"22257","2022-05-12","Santa Clara","1922200","336678","2329"
"22199","2022-05-13","Santa Clara","1922200","337652","2332"
"22141","2022-05-14","Santa Clara","1922200","338455","2333"
"22083","2022-05-15","Santa Clara","1922200","339286","2335"
"22025","2022-05-16","Santa Clara","1922200","340704","2336"
"21967","2022-05-17","Santa Clara","1922200","342029","2337"
"21909","2022-05-18","Santa Clara","1922200","343210","2338"
"21851","2022-05-19","Santa Clara","1922200","344359","2338"
"21793","2022-05-20","Santa Clara","1922200","345441","2339"
"21735","2022-05-21","Santa Clara","1922200","346237","2340"
"21677","2022-05-22","Santa Clara","1922200","347088","2342"
"21619","2022-05-23","Santa Clara","1922200","348533","2343"
"21561","2022-05-24","Santa Clara","1922200","349917","2344"
"21503","2022-05-25","Santa Clara","1922200","351207","2345"
"21445","2022-05-26","Santa Clara","1922200","352276","2348"
"21387","2022-05-27","Santa Clara","1922200","353238","2350"
"21329","2022-05-28","Santa Clara","1922200","353982","2352"
"21271","2022-05-29","Santa Clara","1922200","354768","2353"
"21213","2022-05-30","Santa Clara","1922200","355563","2353"
"21155","2022-05-31","Santa Clara","1922200","357118","2353"
"21097","2022-06-01","Santa Clara","1922200","358628","2355"
"21039","2022-06-02","Santa Clara","1922200","359790","2356"
"20981","2022-06-03","Santa Clara","1922200","360881","2357"
"20923","2022-06-04","Santa Clara","1922200","361774","2360"
"20865","2022-06-05","Santa Clara","1922200","362644","2360"
"20807","2022-06-06","Santa Clara","1922200","364066","2360"
"20749","2022-06-07","Santa Clara","1922200","365330","2360"
"20691","2022-06-08","Santa Clara","1922200","366475","2361"
"20633","2022-06-09","Santa Clara","1922200","367447","2365"
"20575","2022-06-10","Santa Clara","1922200","368415","2367"
"20517","2022-06-11","Santa Clara","1922200","369162","2370"
"20459","2022-06-12","Santa Clara","1922200","369925","2371"
"20401","2022-06-13","Santa Clara","1922200","371109","2373"
"20343","2022-06-14","Santa Clara","1922200","372135","2375"
"20285","2022-06-15","Santa Clara","1922200","373203","2377"
"20227","2022-06-16","Santa Clara","1922200","374213","2378"
"20169","2022-06-17","Santa Clara","1922200","375159","2380"
"20111","2022-06-18","Santa Clara","1922200","375985","2381"
"20053","2022-06-19","Santa Clara","1922200","376739","2381"
"19995","2022-06-20","Santa Clara","1922200","377917","2383"
"19937","2022-06-21","Santa Clara","1922200","379122","2384"
"19879","2022-06-22","Santa Clara","1922200","380288","2388"
"19821","2022-06-23","Santa Clara","1922200","381390","2389"
"19763","2022-06-24","Santa Clara","1922200","382387","2391"
"19705","2022-06-25","Santa Clara","1922200","383220","2392"
"19647","2022-06-26","Santa Clara","1922200","384075","2393"
"19589","2022-06-27","Santa Clara","1922200","385459","2394"
"19531","2022-06-28","Santa Clara","1922200","386884","2396"
"19473","2022-06-29","Santa Clara","1922200","388006","2399"
"19415","2022-06-30","Santa Clara","1922200","389001","2403"
"19357","2022-07-01","Santa Clara","1922200","390096","2404"
"19299","2022-07-02","Santa Clara","1922200","390802","2407"
"19241","2022-07-03","Santa Clara","1922200","391535","2409"
"19183","2022-07-04","Santa Clara","1922200","392263","2410"
"19125","2022-07-05","Santa Clara","1922200","393759","2412"
"19067","2022-07-06","Santa Clara","1922200","394925","2414"
"19009","2022-07-07","Santa Clara","1922200","396031","2416"
"18951","2022-07-08","Santa Clara","1922200","397021","2417"
"18893","2022-07-09","Santa Clara","1922200","397793","2419"
"18835","2022-07-10","Santa Clara","1922200","398529","2421"
"18777","2022-07-11","Santa Clara","1922200","399665","2423"
"18719","2022-07-12","Santa Clara","1922200","400732","2423"
"18661","2022-07-13","Santa Clara","1922200","401693","2426"
"18603","2022-07-14","Santa Clara","1922200","402584","2426"
"18545","2022-07-15","Santa Clara","1922200","403443","2428"
"18487","2022-07-16","Santa Clara","1922200","404127","2431"
"18429","2022-07-17","Santa Clara","1922200","404797","2431"
"18371","2022-07-18","Santa Clara","1922200","405859","2435"
"18313","2022-07-19","Santa Clara","1922200","406839","2439"
"18255","2022-07-20","Santa Clara","1922200","407789","2441"
"18197","2022-07-21","Santa Clara","1922200","408595","2443"
"18139","2022-07-22","Santa Clara","1922200","409399","2447"
"18081","2022-07-23","Santa Clara","1922200","410052","2447"
"18023","2022-07-24","Santa Clara","1922200","410666","2449"
"17965","2022-07-25","Santa Clara","1922200","411630","2451"
"17907","2022-07-26","Santa Clara","1922200","412525","2455"
"17849","2022-07-27","Santa Clara","1922200","413388","2457"
"17791","2022-07-28","Santa Clara","1922200","414071","2460"
"17733","2022-07-29","Santa Clara","1922200","414714","2460"
"17675","2022-07-30","Santa Clara","1922200","415191","2462"
"17617","2022-07-31","Santa Clara","1922200","415678","2465"
"17559","2022-08-01","Santa Clara","1922200","416457","2470"
"17501","2022-08-02","Santa Clara","1922200","417244","2472"
"17443","2022-08-03","Santa Clara","1922200","417873","2477"
"17385","2022-08-04","Santa Clara","1922200","418359","2477"
"17327","2022-08-05","Santa Clara","1922200","418945","2480"
"17269","2022-08-06","Santa Clara","1922200","419450","2483"
"17211","2022-08-07","Santa Clara","1922200","419922","2488"
"17153","2022-08-08","Santa Clara","1922200","420641","2488"
"17095","2022-08-09","Santa Clara","1922200","421262","2491"
"17037","2022-08-10","Santa Clara","1922200","421797","2492"
"16979","2022-08-11","Santa Clara","1922200","422334","2494"
"16921","2022-08-12","Santa Clara","1922200","422779","2494"
"16863","2022-08-13","Santa Clara","1922200","423126","2494"
"16805","2022-08-14","Santa Clara","1922200","423456","2496"
"16747","2022-08-15","Santa Clara","1922200","424039","2497"
"16689","2022-08-16","Santa Clara","1922200","424575","2499"
"16631","2022-08-17","Santa Clara","1922200","425066","2499"
"16573","2022-08-18","Santa Clara","1922200","425540","2501"
"16515","2022-08-19","Santa Clara","1922200","425983","2503"
"16457","2022-08-20","Santa Clara","1922200","426300","2504"
"16399","2022-08-21","Santa Clara","1922200","426576","2507"
"16341","2022-08-22","Santa Clara","1922200","427118","2507"
"16283","2022-08-23","Santa Clara","1922200","427555","2507"
"16225","2022-08-24","Santa Clara","1922200","427944","2507"
"16167","2022-08-25","Santa Clara","1922200","428301","2507"
"16109","2022-08-26","Santa Clara","1922200","428622","2509"
"16051","2022-08-27","Santa Clara","1922200","428843","2510"
"15993","2022-08-28","Santa Clara","1922200","429061","2512"
"15935","2022-08-29","Santa Clara","1922200","429475","2512"
"15877","2022-08-30","Santa Clara","1922200","429874","2514"
"15819","2022-08-31","Santa Clara","1922200","430204","2515"
"15761","2022-09-01","Santa Clara","1922200","430512","2518"
"15703","2022-09-02","Santa Clara","1922200","430808","2520"
"15645","2022-09-03","Santa Clara","1922200","431012","2521"
"15587","2022-09-04","Santa Clara","1922200","431200","2523"
"15529","2022-09-05","Santa Clara","1922200","431405","2523"
"15471","2022-09-06","Santa Clara","1922200","431778","2524"
"15413","2022-09-07","Santa Clara","1922200","432045","2525"
"15355","2022-09-08","Santa Clara","1922200","432337","2528"
"15297","2022-09-09","Santa Clara","1922200","432608","2530"
"15239","2022-09-10","Santa Clara","1922200","432804","2531"
"15181","2022-09-11","Santa Clara","1922200","433032","2531"
"15123","2022-09-12","Santa Clara","1922200","433328","2531"
"15065","2022-09-13","Santa Clara","1922200","433587","2531"
"15007","2022-09-14","Santa Clara","1922200","433823","2532"
"14949","2022-09-15","Santa Clara","1922200","434024","2533"
"14891","2022-09-16","Santa Clara","1922200","434239","2535"
"14833","2022-09-17","Santa Clara","1922200","434381","2536"
"14775","2022-09-18","Santa Clara","1922200","434528","2537"
"14717","2022-09-19","Santa Clara","1922200","434778","2538"
"14659","2022-09-20","Santa Clara","1922200","435015","2542"
"14601","2022-09-21","Santa Clara","1922200","435223","2542"
"14543","2022-09-22","Santa Clara","1922200","435415","2542"
"14485","2022-09-23","Santa Clara","1922200","435598","2543"
"14427","2022-09-24","Santa Clara","1922200","435768","2543"
"14369","2022-09-25","Santa Clara","1922200","435930","2546"
"14311","2022-09-26","Santa Clara","1922200","436179","2548"
"14253","2022-09-27","Santa Clara","1922200","436434","2549"
"14195","2022-09-28","Santa Clara","1922200","436663","2552"
"14137","2022-09-29","Santa Clara","1922200","436831","2552"
"14079","2022-09-30","Santa Clara","1922200","437030","2552"
"14021","2022-10-01","Santa Clara","1922200","437217","2552"
"13963","2022-10-02","Santa Clara","1922200","437390","2554"
"13905","2022-10-03","Santa Clara","1922200","437615","2554"
"13847","2022-10-04","Santa Clara","1922200","437837","2556"
"13789","2022-10-05","Santa Clara","1922200","438031","2556"
"13731","2022-10-06","Santa Clara","1922200","438214","2556"
"13673","2022-10-07","Santa Clara","1922200","438380","2557"
"13615","2022-10-08","Santa Clara","1922200","438514","2559"
"13557","2022-10-09","Santa Clara","1922200","438637","2559"
"13499","2022-10-10","Santa Clara","1922200","438854","2559"
"13441","2022-10-11","Santa Clara","1922200","439065","2559"
"13383","2022-10-12","Santa Clara","1922200","439241","2559"
"13325","2022-10-13","Santa Clara","1922200","439428","2561"
"13267","2022-10-14","Santa Clara","1922200","439575","2563"
"13209","2022-10-15","Santa Clara","1922200","439712","2563"
"13151","2022-10-16","Santa Clara","1922200","439822","2564"
"13093","2022-10-17","Santa Clara","1922200","440024","2564"
"13035","2022-10-18","Santa Clara","1922200","440246","2564"
"12977","2022-10-19","Santa Clara","1922200","440423","2564"
"12919","2022-10-20","Santa Clara","1922200","440583","2564"
"12861","2022-10-21","Santa Clara","1922200","440738","2564"
"12803","2022-10-22","Santa Clara","1922200","440871","2566"
"12745","2022-10-23","Santa Clara","1922200","441009","2566"
"12687","2022-10-24","Santa Clara","1922200","441235","2567"
"12629","2022-10-25","Santa Clara","1922200","441446","2567"
"12571","2022-10-26","Santa Clara","1922200","441640","2568"
"12513","2022-10-27","Santa Clara","1922200","441820","2568"
"12455","2022-10-28","Santa Clara","1922200","441995","2569"
"12397","2022-10-29","Santa Clara","1922200","442146","2570"
"12339","2022-10-30","Santa Clara","1922200","442286","2570"
"12281","2022-10-31","Santa Clara","1922200","442523","2570"
"12223","2022-11-01","Santa Clara","1922200","442792","2571"
"12165","2022-11-02","Santa Clara","1922200","443038","2571"
"12107","2022-11-03","Santa Clara","1922200","443256","2572"
"12049","2022-11-04","Santa Clara","1922200","443501","2575"
"11991","2022-11-05","Santa Clara","1922200","443703","2576"
"11933","2022-11-06","Santa Clara","1922200","443904","2577"
"11875","2022-11-07","Santa Clara","1922200","444198","2577"
"11817","2022-11-08","Santa Clara","1922200","444453","2578"
"11759","2022-11-09","Santa Clara","1922200","444725","2578"
"11701","2022-11-10","Santa Clara","1922200","444967","2578"
"11643","2022-11-11","Santa Clara","1922200","445215","2579"
"11585","2022-11-12","Santa Clara","1922200","445389","2580"
"11527","2022-11-13","Santa Clara","1922200","445594","2580"
"11469","2022-11-14","Santa Clara","1922200","445971","2580"
"11411","2022-11-15","Santa Clara","1922200","446309","2581"
"11353","2022-11-16","Santa Clara","1922200","446632","2583"
"11295","2022-11-17","Santa Clara","1922200","446974","2584"
"11237","2022-11-18","Santa Clara","1922200","447320","2585"
"11179","2022-11-19","Santa Clara","1922200","447556","2588"
"11121","2022-11-20","Santa Clara","1922200","447777","2589"
"11063","2022-11-21","Santa Clara","1922200","448181","2590"
"11005","2022-11-22","Santa Clara","1922200","448592","2590"
"10947","2022-11-23","Santa Clara","1922200","448985","2593"
"10889","2022-11-24","Santa Clara","1922200","449162","2594"
"10831","2022-11-25","Santa Clara","1922200","449499","2595"
"10773","2022-11-26","Santa Clara","1922200","449929","2596"
"10715","2022-11-27","Santa Clara","1922200","450432","2598"
"10657","2022-11-28","Santa Clara","1922200","451122","2599"
"10599","2022-11-29","Santa Clara","1922200","451724","2600"
"10541","2022-11-30","Santa Clara","1922200","452284","2602"
"10483","2022-12-01","Santa Clara","1922200","452810","2603"
"10425","2022-12-02","Santa Clara","1922200","453320","2604"
"10367","2022-12-03","Santa Clara","1922200","453645","2606"
"10309","2022-12-04","Santa Clara","1922200","454004","2608"
"10251","2022-12-05","Santa Clara","1922200","454652","2611"
"10193","2022-12-06","Santa Clara","1922200","455208","2614"
"10135","2022-12-07","Santa Clara","1922200","455715","2617"
"10077","2022-12-08","Santa Clara","1922200","456163","2621"
"10019","2022-12-09","Santa Clara","1922200","456662","2621"
"9961","2022-12-10","Santa Clara","1922200","456987","2626"
"9903","2022-12-11","Santa Clara","1922200","457288","2628"
"9845","2022-12-12","Santa Clara","1922200","457912","2630"
"9787","2022-12-13","Santa Clara","1922200","458450","2631"
"9729","2022-12-14","Santa Clara","1922200","458897","2634"
"9671","2022-12-15","Santa Clara","1922200","459291","2637"
"9613","2022-12-16","Santa Clara","1922200","459703","2640"
"9555","2022-12-17","Santa Clara","1922200","459983","2642"
"9497","2022-12-18","Santa Clara","1922200","460224","2644"
"9439","2022-12-19","Santa Clara","1922200","460750","2647"
"9381","2022-12-20","Santa Clara","1922200","461172","2648"
"9323","2022-12-21","Santa Clara","1922200","461583","2650"
"9265","2022-12-22","Santa Clara","1922200","461984","2650"
"9207","2022-12-23","Santa Clara","1922200","462369","2651"
"9149","2022-12-24","Santa Clara","1922200","462556","2654"
"9091","2022-12-25","Santa Clara","1922200","462717","2656"
"9033","2022-12-26","Santa Clara","1922200","463089","2656"
"8975","2022-12-27","Santa Clara","1922200","463626","2658"
"8917","2022-12-28","Santa Clara","1922200","464088","2661"
"8859","2022-12-29","Santa Clara","1922200","464469","2663"
"8801","2022-12-30","Santa Clara","1922200","464893","2666"
"8743","2022-12-31","Santa Clara","1922200","465077","2668"
"8685","2023-01-01","Santa Clara","1922200","465228","2670"
"8627","2023-01-02","Santa Clara","1922200","465536","2673"
"8569","2023-01-03","Santa Clara","1922200","466008","2675"
"8511","2023-01-04","Santa Clara","1922200","466276","2678"
"8453","2023-01-05","Santa Clara","1922200","466570","2679"
"8395","2023-01-06","Santa Clara","1922200","466890","2683"
"8337","2023-01-07","Santa Clara","1922200","467068","2684"
"8279","2023-01-08","Santa Clara","1922200","467217","2686"
"8221","2023-01-09","Santa Clara","1922200","467513","2686"
"8163","2023-01-10","Santa Clara","1922200","467720","2689"
"8105","2023-01-11","Santa Clara","1922200","467952","2690"
"8047","2023-01-12","Santa Clara","1922200","468137","2690"
"7989","2023-01-13","Santa Clara","1922200","468303","2692"
"7931","2023-01-14","Santa Clara","1922200","468414","2694"
"7873","2023-01-15","Santa Clara","1922200","468502","2700"
"7815","2023-01-16","Santa Clara","1922200","468615","2703"
"7757","2023-01-17","Santa Clara","1922200","468821","2703"
"7699","2023-01-18","Santa Clara","1922200","468980","2703"
"7641","2023-01-19","Santa Clara","1922200","469138","2704"
"7583","2023-01-20","Santa Clara","1922200","469262","2704"
"7525","2023-01-21","Santa Clara","1922200","469371","2706"
"7467","2023-01-22","Santa Clara","1922200","469481","2707"
"7409","2023-01-23","Santa Clara","1922200","469634","2708"
"7351","2023-01-24","Santa Clara","1922200","469815","2709"
"7293","2023-01-25","Santa Clara","1922200","469990","2709"
"7235","2023-01-26","Santa Clara","1922200","470161","2711"
"7177","2023-01-27","Santa Clara","1922200","470343","2712"
"7119","2023-01-28","Santa Clara","1922200","470476","2714"
"7061","2023-01-29","Santa Clara","1922200","470606","2714"
"7003","2023-01-30","Santa Clara","1922200","470812","2714"
"6945","2023-01-31","Santa Clara","1922200","471023","2716"
"6887","2023-02-01","Santa Clara","1922200","471231","2718"
"6829","2023-02-02","Santa Clara","1922200","471425","2718"
"6771","2023-02-03","Santa Clara","1922200","471613","2718"
"6713","2023-02-04","Santa Clara","1922200","471740","2720"
"6655","2023-02-05","Santa Clara","1922200","471862","2723"
"6597","2023-02-06","Santa Clara","1922200","472115","2725"
"6539","2023-02-07","Santa Clara","1922200","472324","2725"
"6481","2023-02-08","Santa Clara","1922200","472570","2725"
"6423","2023-02-09","Santa Clara","1922200","472764","2727"
"6365","2023-02-10","Santa Clara","1922200","472989","2731"
"6307","2023-02-11","Santa Clara","1922200","473114","2733"
"6249","2023-02-12","Santa Clara","1922200","473241","2734"
"6191","2023-02-13","Santa Clara","1922200","473484","2735"
"6133","2023-02-14","Santa Clara","1922200","473692","2736"
"6075","2023-02-15","Santa Clara","1922200","473894","2738"
"6017","2023-02-16","Santa Clara","1922200","474086","2739"
"5959","2023-02-17","Santa Clara","1922200","474288","2740"
"5901","2023-02-18","Santa Clara","1922200","474432","2743"
"5843","2023-02-19","Santa Clara","1922200","474575","2746"
"5785","2023-02-20","Santa Clara","1922200","474698","2748"
"5727","2023-02-21","Santa Clara","1922200","474961","2750"
"5669","2023-02-22","Santa Clara","1922200","475153","2751"
"5611","2023-02-23","Santa Clara","1922200","475357","2753"
"5553","2023-02-24","Santa Clara","1922200","475531","2754"
"5495","2023-02-25","Santa Clara","1922200","475649","2756"
"5437","2023-02-26","Santa Clara","1922200","475812","2756"
"5379","2023-02-27","Santa Clara","1922200","476031","2760"
"5321","2023-02-28","Santa Clara","1922200","476218","2761"
"5263","2023-03-01","Santa Clara","1922200","476414","2763"
"5205","2023-03-02","Santa Clara","1922200","476566","2763"
"5147","2023-03-03","Santa Clara","1922200","476715","2765"
"5089","2023-03-04","Santa Clara","1922200","476826","2767"
"5031","2023-03-05","Santa Clara","1922200","476921","2768"
"4973","2023-03-06","Santa Clara","1922200","477110","2770"
"4915","2023-03-07","Santa Clara","1922200","477279","2771"
"4857","2023-03-08","Santa Clara","1922200","477452","2772"
"4799","2023-03-09","Santa Clara","1922200","477638","2772"
"4741","2023-03-10","Santa Clara","1922200","477779","2774"
"4683","2023-03-11","Santa Clara","1922200","477872","2775"
"4625","2023-03-12","Santa Clara","1922200","477970","2777"
"4567","2023-03-13","Santa Clara","1922200","478153","2782"
"4509","2023-03-14","Santa Clara","1922200","478310","2784"
"4451","2023-03-15","Santa Clara","1922200","478427","2784"
"4393","2023-03-16","Santa Clara","1922200","478532","2785"
"4335","2023-03-17","Santa Clara","1922200","478650","2786"
"4277","2023-03-18","Santa Clara","1922200","478748","2787"
"4219","2023-03-19","Santa Clara","1922200","478836","2788"
"4161","2023-03-20","Santa Clara","1922200","478944","2790"
"4103","2023-03-21","Santa Clara","1922200","479075","2792"
"4045","2023-03-22","Santa Clara","1922200","479165","2793"
"3987","2023-03-23","Santa Clara","1922200","479283","2793"
"3929","2023-03-24","Santa Clara","1922200","479385","2794"
"3871","2023-03-25","Santa Clara","1922200","479446","2796"
"3813","2023-03-26","Santa Clara","1922200","479516","2797"
"3755","2023-03-27","Santa Clara","1922200","479641","2797"
"3697","2023-03-28","Santa Clara","1922200","479750","2797"
"3639","2023-03-29","Santa Clara","1922200","479854","2798"
"3581","2023-03-30","Santa Clara","1922200","479949","2798"
"3523","2023-03-31","Santa Clara","1922200","480033","2799"
"3465","2023-04-01","Santa Clara","1922200","480106","2799"
"3407","2023-04-02","Santa Clara","1922200","480169","2799"
"3349","2023-04-03","Santa Clara","1922200","480304","2800"
"3291","2023-04-04","Santa Clara","1922200","480421","2802"
"3233","2023-04-05","Santa Clara","1922200","480516","2802"
"3175","2023-04-06","Santa Clara","1922200","480599","2802"
"3117","2023-04-07","Santa Clara","1922200","480691","2802"
"3059","2023-04-08","Santa Clara","1922200","480752","2802"
"3001","2023-04-09","Santa Clara","1922200","480809","2803"
"2943","2023-04-10","Santa Clara","1922200","480934","2806"
"2885","2023-04-11","Santa Clara","1922200","481036","2806"
"2827","2023-04-12","Santa Clara","1922200","481120","2806"
"2769","2023-04-13","Santa Clara","1922200","481211","2807"
"2711","2023-04-14","Santa Clara","1922200","481298","2808"
"2653","2023-04-15","Santa Clara","1922200","481374","2808"
"2595","2023-04-16","Santa Clara","1922200","481440","2809"
"2537","2023-04-17","Santa Clara","1922200","481538","2810"
"2479","2023-04-18","Santa Clara","1922200","481641","2810"
"2421","2023-04-19","Santa Clara","1922200","481723","2810"
"2363","2023-04-20","Santa Clara","1922200","481804","2810"
"2305","2023-04-21","Santa Clara","1922200","481870","2811"
"2247","2023-04-22","Santa Clara","1922200","481929","2812"
"2189","2023-04-23","Santa Clara","1922200","481994","2812"
"2131","2023-04-24","Santa Clara","1922200","482113","2814"
"2073","2023-04-25","Santa Clara","1922200","482196","2814"
"2015","2023-04-26","Santa Clara","1922200","482303","2814"
"1957","2023-04-27","Santa Clara","1922200","482406","2814"
"1899","2023-04-28","Santa Clara","1922200","482480","2814"
"1841","2023-04-29","Santa Clara","1922200","482533","2814"
"1783","2023-04-30","Santa Clara","1922200","482598","2815"
"1725","2023-05-01","Santa Clara","1922200","482689","2815"
"1667","2023-05-02","Santa Clara","1922200","482766","2815"
"1609","2023-05-03","Santa Clara","1922200","482832","2815"
"1551","2023-05-04","Santa Clara","1922200","482907","2816"
"1493","2023-05-05","Santa Clara","1922200","482990","2816"
"1435","2023-05-06","Santa Clara","1922200","483037","2816"
"1377","2023-05-07","Santa Clara","1922200","483090","2816"
"1319","2023-05-08","Santa Clara","1922200","483173","2816"
"1261","2023-05-09","Santa Clara","1922200","483247","2817"
"1203","2023-05-10","Santa Clara","1922200","483323","2817"
"1145","2023-05-11","Santa Clara","1922200","483406","2818"
"1087","2023-05-12","Santa Clara","1922200","483487","2818"
"1029","2023-05-13","Santa Clara","1922200","483548","2818"
"971","2023-05-14","Santa Clara","1922200","483598","2818"
"913","2023-05-15","Santa Clara","1922200","483680","2819"
"855","2023-05-16","Santa Clara","1922200","483757","2819"
"797","2023-05-17","Santa Clara","1922200","483844","2819"
"739","2023-05-18","Santa Clara","1922200","483939","2819"
"681","2023-05-19","Santa Clara","1922200","484017","2819"
"623","2023-05-20","Santa Clara","1922200","484069","2819"
"565","2023-05-21","Santa Clara","1922200","484132","2819"
"507","2023-05-22","Santa Clara","1922200","484196","2819"
"449","2023-05-23","Santa Clara","1922200","484257","2819"
"391","2023-05-24","Santa Clara","1922200","484311","2819"
"333","2023-05-25","Santa Clara","1922200","484356","2819"
"275","2023-05-26","Santa Clara","1922200","484398","2819"
"217","2023-05-27","Santa Clara","1922200","484434","2819"
"159","2023-05-28","Santa Clara","1922200","484467","2819"
"101","2023-05-29","Santa Clara","1922200","484483","2819"
"43","2023-05-30","Santa Clara","1922200","484483","2819"
